{
  "project_info": {
    "project_number": "905395339294",
    "project_id": "trendyshop-29625",
    "storage_bucket": "trendyshop-29625.appspot.com"
  },
  "client": [
    {
      "client_info": {
        "mobilesdk_app_id": "1:905395339294:android:758c9e043209d495386e0f",
        "android_client_info": {
          "package_name": "com.Trendyshop"
        }
      },
      "oauth_client": [
        {
          "client_id": "905395339294-3pgs3n178a1cjlicsje8a9qagt9u5tln.apps.googleusercontent.com",
          "client_type": 3
        }
      ],
      "api_key": [
        {
          "current_key": "AIzaSyD9s3tZJAbtWQRIlxCyCnsiabEdkHk3im0"
        }
      ],
      "services": {
        "appinvite_service": {
          "other_platform_oauth_client": [
            {
              "client_id": "905395339294-3pgs3n178a1cjlicsje8a9qagt9u5tln.apps.googleusercontent.com",
              "client_type": 3
            }
          ]
        }
      }
    }
  ],
  "configuration_version": "1"
}